Value,Code,Day
€10 Off,TECHMAS10-DYMB-EGQG-SKEU-PGMM,1
10% Off,TECHMAS10P-7P76-MZAU-FMPT-Z2UI,1
€20 Off,TECHMAS20-CTNB-G4UG-3KKB-VELM,1
20% Off,TECHMAS20P-CL5K-UOG5-DBFX-ZCNB,1
20% Off,TECHMAS20P-5BPT-C76H-LSTD-7G9O,1
€50 Off,TECHMAS50-Y2VM-D7OI-YB4S-PZQ6,1
€10 Off,TECHMAS10-OAWT-WS24-L4YB-PUYK,2
10% Off,TECHMAS10P-EETG-2Y6M-EOH4-POQB,2
€20 Off,TECHMAS20-MNIU-Q3FO-MEVU-GKPQ,2
20% Off,TECHMAS20P-PG3O-VF9N-F4SO-5LK9,2
20% Off,TECHMAS20P-K4IW-CRV4-3GG4-9O5E,2
€10 Off,TECHMAS10-CT2H-2DXW-NM6T-WITZ,2
10% Off,TECHMAS10P-3GLR-TKKB-P6PX-3W2G,2
10% Off,TECHMAS10P-ZUP2-QW2O-6T5R-UOCX,2
€10 Off,TECHMAS10-4MQS-B5EG-LIMH-7XHD,3
10% Off,TECHMAS10P-ZCOG-4KA5-DMTI-LNMI,3
10% Off,TECHMAS10P-DF4T-T6BL-76XE-NKLY,3
€20 Off,TECHMAS20-FSH3-UKT4-PTDG-MANF,3
20% Off,TECHMAS20P-VPOH-CXW5-OMVU-EY3A,3
€50 Off,TECHMAS50-Q5GE-A73Y-7TKU-BYDD,3
€10 Off,TECHMAS10-4YC2-9G6P-7SCH-LSNG,4
10% Off,TECHMAS10P-IDCH-7D44-EG5B-9XRU,4
10% Off,TECHMAS10P-AYVY-KLSR-I6MF-9TDT,4
€20 Off,TECHMAS20-4L4H-M7UX-DO2Y-PN3X,4
20% Off,TECHMAS20P-H9VV-2NVX-HZUK-MFAD,4
€10 Off,TECHMAS10-F4Y4-U2QC-XQCE-BXR4,4
10% Off,TECHMAS10P-5IEL-K7QO-XEWZ-7ERS,4
€10 Off,TECHMAS10-3HS7-KUXY-KIMQ-CMPH,5
10% Off,TECHMAS10P-KOAU-ECPH-QWP4-3WN3,5
€20 Off,TECHMAS20-HZLM-3Q5F-CXZR-Z3M7,5
20% Off,TECHMAS20P-QCE4-EQVI-MKZI-7Z9M,5
€50 Off,TECHMAS50-XC4X-D6E2-AMMA-ARFU,5
10% Off,TECHMAS10P-GXAI-VK9A-O4ZC-OQA2,5
€10 Off,TECHMAS10-AZUA-RACH-5ZHS-NBZ6,6
10% Off,TECHMAS10P-H4RF-6PSX-GA6F-L6CP,6
10% Off,TECHMAS10P-YEHT-PZ62-UTV9-OIH7,6
20% Off,TECHMAS20P-HB9Z-9SZ2-9HIZ-E2CF,6
10% Off,TECHMAS10P-IHKD-BQTQ-XUAY-RF6B,6
20% Off,TECHMAS20P-GG4Q-X6UU-NCG4-F37A,6
€10 Off,TECHMAS10-22VV-K39H-9LK3-M7LR,7
10% Off,TECHMAS10P-N4K7-W7BQ-X27H-K3QE,7
10% Off,TECHMAS10P-PN9Q-SIO5-RAAR-O9YQ,7
€20 Off,TECHMAS20-SK3X-GC59-LKEN-YM3Q,7
20% Off,TECHMAS20P-II2H-RRWS-PFNG-7TSU,7
10% Off,TECHMAS10P-7N5I-BDB4-H3AD-C6NS,7
€10 Off,TECHMAS10-KOT4-GWBB-IYBT-BGPY,8
10% Off,TECHMAS10P-74CD-GEX3-KIIY-OZE3,8
20% Off,TECHMAS20P-MFDB-42NA-HXHK-GXHV,8
20% Off,TECHMAS20P-UQKZ-9QGP-T2T9-C6TX,8
€50 Off,TECHMAS50-OYGN-UVG9-GTLF-ALAT,8
20% Off,TECHMAS20P-DGHO-PQ5P-4SLY-UFYG,8
€10 Off,TECHMAS10-63O5-54OI-XHMW-ES26,9
10% Off,TECHMAS10P-CM2T-P7GH-BAYM-Q4SK,9
10% Off,TECHMAS10P-MHSQ-LBXU-PFDS-U2VZ,9
€20 Off,TECHMAS20-GDIK-SGFE-52BT-4IFC,9
20% Off,TECHMAS20P-VMLD-AIMY-K5RY-NIU7,9
20% Off,TECHMAS20P-RCOT-5RUW-VDD5-BPKB,9
€10 Off,TECHMAS10-R4T5-UTHV-O9I6-6ZZY,10
€10 Off,TECHMAS10-BYXP-PFYW-6BRM-SRAH,10
10% Off,TECHMAS10P-44EG-DORR-6MHO-IY7L,10
€20 Off,TECHMAS20-I934-GTPY-6FQU-BP7W,10
20% Off,TECHMAS20P-A73G-MUK4-EV7L-NF4S,10
20% Off,TECHMAS20P-PW77-A3OG-WKPI-O93M,10
€10 Off,TECHMAS10-RZ74-GK5Q-VUB3-5M6F,11
10% Off,TECHMAS10P-RKAR-7P2Z-OGQU-BN2F,11
€20 Off,TECHMAS20-WERG-LSQR-D6HZ-IPUU,11
20% Off,TECHMAS20P-4NWZ-PLEV-AKH5-6IW4,11
20% Off,TECHMAS20P-DWXU-ZK2B-25YD-YWFY,11
€50 Off,TECHMAS50-F69Z-DL2M-BNMD-FHSW,11
10% Off,TECHMAS10P-GQ43-E7C9-KP75-Y2MH,12
€10 Off,TECHMAS10-HK99-NDQU-WT5U-XMOU,12
10% Off,TECHMAS10P-QFIC-VQVW-EZ2N-YFIW,12
10% Off,TECHMAS10P-SN4P-MHDG-MAL7-A9OB,12
€20 Off,TECHMAS20-RBDZ-S3XO-TQHP-3S6E,12
20% Off,TECHMAS20P-R74O-GDDB-FI5R-PM9D,12